Model Type,advanced,basic,nochange,olddrivers
advanced,1.0,0.8178379076966228,1.0,1.0
basic,0.8178379076966228,1.0,0.8178379076966228,0.8178379076966228
nochange,1.0,0.8178379076966228,1.0,1.0
olddrivers,1.0,0.8178379076966228,1.0,1.0
